"Артикул";"Ozon Product ID";"FBO OZON SKU ID";"FBS OZON SKU ID";"Barcode";"Наименование товара";"Бренд";"Статус товара";"Видимость FBO";"Причины скрытия FBO (при наличии)";"Видимость FBS";"Причины скрытия FBS (при наличии)";"Дата создания";"Коммерческая категория";"Объем товара, л";"Объемный вес, кг";"Доступно на складе Ozon, шт";"Зарезервировано, шт";"Доступно на моих складах, шт";"Зарезервировано на моих складах, шт";"Текущая цена с учетом скидки, руб.";"Цена до скидки (перечеркнутая цена), руб.";"Цена Premium, руб.";"Рыночная цена, руб.";"Актуальная ссылка на рыночную цену";"Размер НДС, %"
"65900688";"90198893";"285969508";"285969549";;"Lux Visage Тушь для ресниц ''XXL Суперобъём. Эффект накладных ресниц 9 г.";"LUXVISAGE";"Не продается";"Скрыт";"Отсутствие документов на бренд";"Скрыт";"Отсутствие документов на бренд";"2021-07-08 08:48:41";"Тушь для ресниц";"'0.05";"'0.0";"0";"0";"34378";"0";"462.00";;;;;"0%"
"PT-00002281";"90302424";"0";"0";;"""Smoky Eyes"" Тушь Эффект накладных ресниц (Lux Visage)";"LUXVISAGE";"Не продается";"Скрыт";;"Скрыт";;"2021-07-08 10:30:54";"Тушь для ресниц";"'0.05";"'0.0";"0";"0";"0";"0";"407.00";;;;;"0%"
"65900682";"91655613";"294955356";"294955390";;"Lux Visage Тушь для ресниц ''XXL Длина+Объём+Изгиб 9 г.";"LUXVISAGE";"Не продается";"Скрыт";"Отсутствие документов на бренд";"Скрыт";"Отсутствие документов на бренд";"2021-07-12 12:19:19";"Тушь для ресниц";"'0.05";"'0.0";"0";"0";"764";"0";"462.00";;;"231.00";"https://wildberries.ru/catalog/11131419/detail.aspx";"0%"
"68462560";"92194175";"288007032";"288007079";;"""Belita Young"" BB крем для лица Photoshop-эффект 30 мл. (Белита)";"белита витекс";"Не продается";"Скрыт";"Не подтверждены права на реализацию бренда";"Скрыт";"Не подтверждены права на реализацию бренда";"2021-07-13 05:24:36";"Основа под макияж";"'0.10";"'0.0";"0";"0";"26530";"0";"267.00";;;;;"0%"
"AUT00000518";"92221436";"288023154";"288023164";;"Железный укрепитель для ногтей 11,6 мл (Relouis)";"Relouis";"Продается";"Показывается";;"Показывается";;"2021-07-13 06:39:03";"Лак для ногтей";"'0.04";"'0.1";"0";"0";"1078";"0";"318.00";;;"207.00";"https://wildberries.ru/catalog/16286354/detail.aspx";"0%"
"65900675";"92231087";"0";"0";;"Lux Visage Тушь KILLER";"LUXVISAGE";"Не продается";"Скрыт";;"Скрыт";;"2021-07-13 07:00:17";"Тушь для ресниц";"'0.21";"'0.0";"0";"0";"0";"0";"487.00";;;;;"0%"
"144025170";"92231088";"0";"0";;"Гель-фиксатор для бровей ""Brow fixing (Lux Visage)";"LUXVISAGE";"Не продается";"Скрыт";;"Скрыт";;"2021-07-13 07:00:17";"Тушь для бровей";"'0.05";"'0.0";"0";"0";"0";"0";"236.00";;;;;"0%"
"40468845";"92522535";"288363952";"288363983";;"""Баня, Сауна, Массаж"" Крем-масло для массажа Универсальное 100 мл (Витекс)";"белита витекс";"Не продается";"Скрыт";"Не подтверждены права на реализацию бренда";"Скрыт";"Не подтверждены права на реализацию бренда";"2021-07-13 09:21:36";"Массажное масло 18+";"'0.53";"'0.2";"0";"0";"145";"0";"212.00";;;;;"0%"
"279832601";"92930240";"288553496";"288553518";;"Подводка для глаз Vinyl INK ultra black Ультрачернаям 4 г. (Lux Visage)";"LUXVISAGE";"Не продается";"Скрыт";"Отсутствие документов на бренд";"Скрыт";"Отсутствие документов на бренд";"2021-07-13 12:30:42";"Подводка для глаз";"'0.06";"'0.0";"0";"0";"326";"0";"285.00";;;"181.00";"https://wildberries.ru/catalog/13145445/detail.aspx";"0%"
"40468619";"92979068";"292004981";"292005014";;"""Баня, Сауна, Массаж"" Крем массажный Антицеллюлитный 200 мл";"белита витекс";"Не продается";"Скрыт";"Не подтверждены права на реализацию бренда";"Скрыт";"Не подтверждены права на реализацию бренда";"2021-07-13 14:55:49";"Средство антицеллюлитное";"'0.38";"'0.2";"0";"0";"434";"0";"299.00";;;;;"0%"
"65899811";"93301038";"295383816";"295383845";;"RELOUIS Карандаш для глаз механический ""Artistic Velvet Kajal Contour"" 01 ""черный"" (Relouis)";"Relouis";"Продается";"Показывается";;"Показывается";;"2021-07-14 05:16:57";"Карандаш для глаз";"'0.04";"'0.0";"0";"0";"2191";"0";"270.00";;;"173.00";"https://market.yandex.ru/product--/333196002/?sku=100547297733";"0%"
"68407542";"93314739";"0";"0";;"Белита ""Amore"" Основа праймер под макияж 30 мл";"белита витекс";"Не продается";"Скрыт";;"Скрыт";;"2021-07-14 05:26:53";"Основа под макияж";"'0.06";"'0.0";"0";"0";"0";"0";"417.00";;;;;"0%"
"82800562";"93314742";"0";"0";;"""MEZOcomplex"" Мезопилинг скатка для лица Глубокое очищение (туба) 100 мл. (Белита)";"белита витекс";"Не продается";"Скрыт";;"Скрыт";;"2021-07-14 05:26:53";"Скраб для лица";"'0.19";"'0.1";"0";"0";"0";"0";"437.00";;;;;"0%"
"76146674";"93343876";"295383156";"295383201";;"Верхнее покрытие лака для ногтей ""Super Gel Top"" (Relouis)";"Relouis";"Не продается";"Показывается";;"Показывается";;"2021-07-14 05:57:31";"Лак для ногтей";"'0.05";"'0.1";"0";"0";"0";"0";"334.00";;;;;"0%"
"40472002";"93553095";"0";"0";;"Белита Stop Acne Тоник для глубокой очистки пор 150 мл";"белита витекс";"Не продается";"Скрыт";;"Скрыт";;"2021-07-14 08:22:14";"Лосьон, тоник для лица";"'0.60";"'0.2";"0";"0";"0";"0";"315.00";;;;;"0%"
"200971922";"93731177";"288945725";"288945765";;"""Ultra foot care"" Дезодорант для ног и обуви 150 мл. (Белита)";"белита витекс";"Не продается";"Скрыт";"Не подтверждены права на реализацию бренда";"Скрыт";"Не подтверждены права на реализацию бренда";"2021-07-14 13:21:34";"Увлажняющее средство для ног";"'0.24";"'0.1";"0";"0";"0";"0";"401.00";;;;;"0%"
"KR-00002231";"103116354";"295584113";"295584123";;"RELOUIS PRO Пудра-Скульптор Sculpting Powder Universal";"Relouis";"Продается";"Показывается";;"Показывается";;"2021-07-28 06:09:04";"Пудра";"'0.05";"'0.0";"0";"0";"8";"0";"441.00";;;"232.00";"https://wildberries.ru/catalog/10822406/detail.aspx";"0%"
"ТЦЦ00003071";"103117147";"295583402";"295583422";;"Relouis Гель для ресниц ""Длинные ресницы"" для ускорения роста";"Relouis";"Продается";"Показывается";;"Показывается";;"2021-07-28 06:13:28";"Средство для ухода за ресницами и бровями";"'0.29";"'0.1";"0";"0";"27";"0";"350.00";;;"213.00";"https://wildberries.ru/catalog/10822342/detail.aspx";"0%"
"KR-00003809";"103117148";"295536624";"295536664";;"RELOUIS Пудра фиксирующая прозрачная ""RELOUIS PRO"" HD POWDER";"Relouis";"Продается";"Показывается";;"Показывается";;"2021-07-28 06:13:28";"Пудра";"'0.14";"'0.0";"0";"0";"21";"0";"584.00";;;"328.00";"https://wildberries.ru/catalog/6973711/detail.aspx";"0%"
"KRA00000002";"103117149";"295583238";"295583258";"4810438017930";" Relouis Помада для губ жидкая Complimenti матовая ""Nude Matte"", тон 10 ";"Relouis";"Продается";"Показывается";;"Показывается";;"2021-07-28 06:13:29";"Помада для губ";"'0.04";"'0.0";"0";"0";"16";"0";"425.00";;;"181.00";"https://wildberries.ru/catalog/26322881/detail.aspx";"0%"
"ТЦЦZD003868";"103117507";"295537667";"295537693";;"Lux Visage Люкс Визаж Тушь для ресниц KILLER 9 г";"LUXVISAGE";"Не продается";"Скрыт";"Отсутствие документов на бренд";"Скрыт";"Отсутствие документов на бренд";"2021-07-28 06:16:16";"Тушь для ресниц";"'0.02";"'0.0";"0";"0";"4";"0";"487.00";;;"309.00";"https://wildberries.ru/catalog/7122884/detail.aspx";"0%"
"KR-00002594";"103118430";"296665383";"296665384";;"RELOUIS PRO Кисть косметическая для тональной основы";"Relouis";"Продается";"Показывается";;"Показывается";;"2021-07-28 06:19:36";"Кисти и аппликаторы";"'0.12";"'0.0";"0";"0";"3";"0";"632.00";;;"342.00";"https://wildberries.ru/catalog/7122838/detail.aspx";"0%"
"PLL00002913";"103118480";"296100173";"296100184";;"Relouis Гель тинт для губ оттеночный ""Kiss Me Again"", тон 2 ";"Relouis";"Не продается";"Показывается";;"Показывается";;"2021-07-28 06:21:24";"Помада для губ";"'0.03";"'0.1";"0";"0";"0";"0";"397.00";;;;;"0%"
"PLL00002914";"103118491";"296100012";"296100019";;" RELOUIS Гель тинт для губ оттеночный ""Kiss Me Again"", тон 3";"Relouis";"Не продается";"Показывается";;"Показывается";;"2021-07-28 06:21:42";"Помада для губ";"'0.01";"'0.1";"0";"0";"0";"0";"397.00";;;;;"0%"
"KRA00000006";"103119867";"296099989";"296099993";;"Complimenti Relouis Помада для губ жидкая  матовая ""Nude Matte"" тон 14 ";"Relouis";"Не продается";"Показывается";;"Показывается";;"2021-07-28 06:24:20";"Помада для губ";"'0.06";"'0.0";"0";"0";"0";"0";"425.00";;;"278.00";"https://sbermegamarket.ru/catalog/details/pomada-gubnaya-zhidkaya-matovaya-relouis-true-matte-complimenti-ton-14-600000749343";"0%"
"KRA00000003";"103120939";"0";"0";;"Complimenti Relouis Помада для губ жидкая  матовая, тон 11";"Relouis";"Не продается";"Скрыт";;"Скрыт";;"2021-07-28 06:25:44";"Помада для губ";"'0.04";"'0.1";"0";"0";"0";"0";"425.00";;;;;"0%"
"ТЦЦZD002113";"103122825";"296100055";"296100063";;"Relouis Тушь для ресниц XXXL Extreme Exciting Exclusive Luxury ";"Relouis";"Продается";"Показывается";;"Показывается";;"2021-07-28 06:27:22";"Тушь для ресниц";"'0.03";"'0.0";"0";"0";"29";"0";"421.00";;;"214.00";"https://market.yandex.ru/product--/127723992/?sku=100546140153";"0%"
"AUT00000054";"103788219";"296667100";"296667106";;"Витэкс БАНЯ,САУНА,МАССАЖ Крем массажный АНТИЦЕЛЛЮЛИТНЫЙ 200 мл";"Витэкс";"Продается";"Показывается";;"Показывается";;"2021-07-29 05:16:32";"Средство антицеллюлитное";"'2.46";"'0.5";"0";"0";"11";"0";"299.00";;;"155.00";"https://wildberries.ru/catalog/8354491/detail.aspx";"0%"
"PLL00000572";"103794660";"296417550";"296417562";;"Belita Young BB крем для лица PHOTOSHOP-эффект ""Belita Young"", 30 мл";"Belita Young";"Не продается";"Скрыт";"Не подтверждены права на реализацию бренда";"Скрыт";"Не подтверждены права на реализацию бренда";"2021-07-29 05:19:03";"Средство увлажняющее для лица";"'0.25";"'0.1";"0";"0";"81";"0";"267.00";;;"188.00";"https://wildberries.ru/catalog/15392267/detail.aspx";"0%"
"1";"105073838";"0";"0";;"Luxvisage Жидкие тени для век Matt tint waterproof 12H, тон 104 Cool Taupe";;"Не продается";"Скрыт";;"Скрыт";;"2021-08-01 06:54:13";"Тени для век";"'0.02";"'0.0";"0";"0";"0";"0";"238.00";;;;;"0%"
"2";"105073852";"0";"0";;"LUXVISAGE Жидкие тени для век Matt tint waterproof 12H, стойкие, матовые 103 Nude Beige";"LUXVISAGE";"Не продается";"Скрыт";;"Скрыт";;"2021-08-01 06:54:46";"Тени для век";"'0.00";"'0.0";"0";"0";"0";"0";"238.00";;;;;"0%"
"5";"105074005";"0";"0";;"LUXVISAGE Лак для ногтей Galactic с блестками, тон 206 Серебристый с глиттером";"LUXVISAGE";"Не продается";"Скрыт";;"Скрыт";;"2021-08-01 07:00:54";"Лак для ногтей";"'0.00";"'0.0";"0";"0";"0";"0";;;;;;"0%"
"3";"105074006";"0";"0";;"Luxvisage Жидкие тени для век Matt tint waterproof 12H, тон 105 Ash Lilac";;"Не продается";"Скрыт";;"Скрыт";;"2021-08-01 07:00:54";"Тени для век";"'0.02";"'0.0";"0";"0";"0";"0";;;;;;"0%"
"8";"105074007";"0";"0";;"LUXVISAGE Лак для ногтей Galactic с блестками, тон 224 Насыщенно розовый с глиттером";"LUXVISAGE";"Не продается";"Скрыт";;"Скрыт";;"2021-08-01 07:00:54";"Лак для ногтей";"'0.00";"'0.0";"0";"0";"0";"0";;;;;;"0%"
"4";"105074008";"0";"0";;"Luxvisage Жидкие тени для век Matt tint waterproof 12H, тон 106 Dusty Mauve";"LUXVISAGE";"Не продается";"Скрыт";;"Скрыт";;"2021-08-01 07:00:54";"Тени для век";"'0.00";"'0.0";"0";"0";"0";"0";;;;;;"0%"
"7";"105074009";"0";"0";;"LUXVISAGE Лак для ногтей Galactic с блестками, тон 222 Розовый с глиттером";"LUXVISAGE";"Не продается";"Скрыт";;"Скрыт";;"2021-08-01 07:00:54";"Лак для ногтей";"'0.00";"'0.0";"0";"0";"0";"0";;;;;;"0%"
"9";"105074010";"0";"0";;"Лак для ногтей LUXVISAGE Galactic тон 217";"LUXVISAGE";"Не продается";"Скрыт";;"Скрыт";;"2021-08-01 07:00:54";"Лак для ногтей";"'0.04";"'0.1";"0";"0";"0";"0";;;;;;"0%"
"10";"105074011";"0";"0";;"Luxvisage Жидкие тени для век Matt tint waterproof 12H, тон 101 Cream Beige";;"Не продается";"Скрыт";;"Скрыт";;"2021-08-01 07:00:54";"Тени для век";"'0.02";"'0.0";"0";"0";"0";"0";;;;;;"0%"
"13";"105074012";"0";"0";;"LUXVISAGE Румяна для лица Color Hit матовые компактные, тон 13 розовый холодный";"LUXVISAGE";"Не продается";"Скрыт";;"Скрыт";;"2021-08-01 07:00:54";"Румяна";"'0.12";"'0.0";"0";"0";"0";"0";;;;;;"0%"
"12";"105074013";"0";"0";;"LUXVISAGE Румяна для лица Color Hit матовые компактные, тон 14 пепельно-розовый";"LUXVISAGE";"Не продается";"Скрыт";;"Скрыт";;"2021-08-01 07:00:55";"Румяна";"'0.00";"'0.0";"0";"0";"0";"0";;;;;;"0%"
"manlixeofndu8wpier7t";"105074014";"0";"0";;"LUXVISAGE Лак для ногтей Galactic с блестками, тон 221 Золотистый с глиттером";"LUXVISAGE";"Не продается";"Скрыт";;"Скрыт";;"2021-08-01 07:00:55";"Лак для ногтей";"'0.04";"'0.0";"0";"0";"0";"0";;;;;;"0%"
"14";"105074015";"0";"0";;"LUXVISAGE Румяна для лица Color Hit матовые компактные, тон 18 розовый теплый";"LUXVISAGE";"Не продается";"Скрыт";;"Скрыт";;"2021-08-01 07:00:55";"Румяна";"'0.12";"'0.0";"0";"0";"0";"0";;;;;;"0%"
"15";"105074016";"0";"0";;"LUXVISAGE Румяна для лица Color Hit матовые компактные, тон 19 медный";"LUXVISAGE";"Не продается";"Скрыт";;"Скрыт";;"2021-08-01 07:00:55";"Румяна";"'0.12";"'0.0";"0";"0";"0";"0";;;;;;"0%"
"16";"105074017";"0";"0";;"LUXVISAGE Румяна для лица Color Hit матовые компактные, тон 14 пепельно-розовый";"LUXVISAGE";"Не продается";"Скрыт";;"Скрыт";;"2021-08-01 07:00:55";"Румяна";"'0.12";"'0.0";"0";"0";"0";"0";;;;;;"0%"
"11";"108057260";"300376092";"300376095";;"Bernovich Тени-хайлайтер (хайлайтер) H-2 7г";"BERNOVICH";"Готов к продаже";"Показывается";;"Показывается";;"2021-08-08 05:07:11";"Хайлайтер, иллюминатор";"'0.10";"'0.0";"0";"0";"0";"0";"499.00";;;;;"0%"
"17";"108057261";"300376090";"300376094";;"Bernovich Тени-хайлайтер (хайлайтер) H-15 7г";"BERNOVICH";"Готов к продаже";"Показывается";;"Показывается";;"2021-08-08 05:07:11";"Хайлайтер, иллюминатор";"'0.10";"'0.0";"0";"0";"0";"0";"499.00";;;;;"0%"
"18";"108057262";"300376096";"300376097";;"Bernovich Тени-хайлайтер (хайлайтер) H-16 7г";"BERNOVICH";"Готов к продаже";"Показывается";;"Показывается";;"2021-08-08 05:07:11";"Хайлайтер, иллюминатор";"'0.10";"'0.0";"0";"0";"0";"0";"499.00";;;;;"0%"
"19";"108057264";"300376091";"300376093";;"Bernovich Тени-хайлайтер (хайлайтер) H-17 7г";"BERNOVICH";"Готов к продаже";"Показывается";;"Показывается";;"2021-08-08 05:07:11";"Хайлайтер, иллюминатор";"'0.10";"'0.0";"0";"0";"0";"0";"499.00";;;;;"0%"
"33";"108058293";"0";"0";;"Bernovich Тени-хайлайтер (хайлайтер) H-8 7г";"BERNOVICH";"Не продается";"Скрыт";;"Скрыт";;"2021-08-08 05:12:07";"Хайлайтер, иллюминатор";"'0.10";"'0.0";"0";"0";"0";"0";"499.00";;;;;"0%"
"30";"108058294";"0";"0";;"Bernovich Тени-хайлайтер (хайлайтер) H-11 7г";"BERNOVICH";"Не продается";"Скрыт";;"Скрыт";;"2021-08-08 05:12:07";"Хайлайтер, иллюминатор";"'0.10";"'0.0";"0";"0";"0";"0";"499.00";;;;;"0%"
"35";"108058295";"300376264";"300376266";;"Bernovich Тени-хайлайтер (хайлайтер) H-9 7г";"BERNOVICH";"Готов к продаже";"Показывается";;"Показывается";;"2021-08-08 05:12:07";"Хайлайтер, иллюминатор";"'0.10";"'0.0";"0";"0";"0";"0";"499.00";;;;;"0%"
"32";"108058296";"300376265";"300376267";;"Bernovich Тени-хайлайтер (хайлайтер) H-1 7г";"BERNOVICH";"Готов к продаже";"Показывается";;"Показывается";;"2021-08-08 05:12:07";"Хайлайтер, иллюминатор";"'0.10";"'0.0";"0";"0";"0";"0";"499.00";;;;;"0%"
"31";"108058299";"0";"0";;"Bernovich Тени-хайлайтер (хайлайтер) H-10 7г";"BERNOVICH";"Не продается";"Скрыт";;"Скрыт";;"2021-08-08 05:12:08";"Хайлайтер, иллюминатор";"'0.10";"'0.0";"0";"0";"0";"0";"499.00";;;;;"0%"
"34";"108058300";"0";"0";;"Bernovich Тени-хайлайтер (хайлайтер) H-7 7г";"BERNOVICH";"Не продается";"Скрыт";;"Скрыт";;"2021-08-08 05:12:08";"Хайлайтер, иллюминатор";"'0.10";"'0.0";"0";"0";"0";"0";"499.00";;;;;"0%"
"42";"108059021";"0";"0";;"Bernovich Хайлайтер H10";"BERNOVICH";"Не продается";"Скрыт";;"Скрыт";;"2021-08-08 05:22:14";"Хайлайтер, иллюминатор";"'0.06";"'0.0";"0";"0";"0";"0";"499.00";;;;;"0%"
"41";"108059022";"0";"0";;"BERNOVICH Хайлайтер H7";"BERNOVICH";"Не продается";"Скрыт";;"Скрыт";;"2021-08-08 05:22:14";"Хайлайтер, иллюминатор";"'0.00";"'0.0";"0";"0";"0";"0";"499.00";;;;;"0%"
"40";"108059023";"0";"0";;"BERNOVICH Хайлайтер H8";"BERNOVICH";"Не продается";"Скрыт";;"Скрыт";;"2021-08-08 05:22:14";"Хайлайтер, иллюминатор";"'0.00";"'0.0";"0";"0";"0";"0";"499.00";;;;;"0%"
"KR-00012052";"125648965";"325242068";"325242097";;"Очищающая МАСКА-ШИПУЧКА для лица КИСЛОРОДНАЯ БОМБА, 2х7мл., саше,,VITAMIN ACTIVE,,";"VITAMIN ACTIVE";"Продается";"Показывается";;"Показывается";;"2021-09-21 09:52:56";"Сыворотки и дополнительный уход для лица";"'0.50";"'0.3";"0";"0";"99";"0";"71.00";;;;;"0%"
"4810151021405";"125649866";"325244182";"325244216";;"Мезопилинг-скатка для лица Глубокое очищение 100мл,,MEZOcomplex,,";"Белита Cosmetics";"Не продается";"Скрыт";"Отсутствие документов на бренд
Название бренда искажено, внесите исправления";"Скрыт";"Отсутствие документов на бренд
Название бренда искажено, внесите исправления";"2021-09-21 09:55:14";"Крем, гель детский";"'0.50";"'0.3";"0";"0";"0";"0";"364.00";;;;;"0%"
"4810151025816";"125650067";"325244962";"325245064";;"Белита Cosmetics Безупречное очищение Энзимная пудра для умывания ""Минеральное очищение"" 53 мл";"Белита";"Не продается";"Скрыт";"Не подтверждены права на реализацию бренда";"Скрыт";"Не подтверждены права на реализацию бренда";"2021-09-21 09:55:54";"Средство для умывания";"'0.50";"'0.2";"0";"0";"0";"0";"375.00";;;;;"0%"
"KIT4810153035868";"125650858";"325246994";"325247012";;"Очищающая МАСКА-ШИПУЧКА для лица КИСЛОРОДНАЯ БОМБА, 2х7мл., саше,,VITAMIN ACTIVE,, (3 уп)";"VITAMIN ACTIVE";"Продается";"Показывается";;"Показывается";;"2021-09-21 09:58:40";"Сыворотки и дополнительный уход для лица";"'0.50";"'0.3";"0";"0";"100";"0";"250.00";;;;;"0%"
"ТЦЦZD003323";"125651491";"325248376";"325248434";;"Витэкс Блеск и Питание Бальзам-сияние Масло арганы+жидкий шелк для всех типов волос, 500 мл";"Витэкс";"Продается";"Показывается";;"Показывается";;"2021-09-21 10:00:45";"Бальзам, кондиционер для волос женский";"'1.09";"'0.6";"0";"0";"17";"0";"345.00";;;"140.00";"https://sbermegamarket.ru/catalog/details/balzam-dlya-volos-viteks-blesk-i-pitanie-maslo-argany-zhidkiy-shelk-500-ml-100024068787";"0%"
"4810153030382";"125653476";"325252728";"325252785";;"Маска-скраб для лица Витэкс ""Полирующая"" с бамбуковым углем, саше 2х7 мл";;"Готов к продаже";"Показывается";;"Показывается";;"2021-09-21 10:05:59";"Маска для лица косметическая";"'1.01";"'0.2";"0";"0";"0";"0";"120.00";;;;;"0%"
"4810153032690";"125662754";"325269226";"325269235";;"ПАРАФИНОТЕРАПИЯ Крем-компресс с мочевиной против трещин,мозолей и натоптышей,75мл";"Витэкс";"Готов к продаже";"Показывается";;"Показывается";;"2021-09-21 10:23:06";"Крем, гель детский";"'0.50";"'0.2";"0";"0";"0";"0";"300.00";;;;;"0%"
"6970885981814";"125666684";"325277341";"325277381";;"Etude Organix  матирующие салфетки для ЛИЦА с ВУЛКАНИЧЕСКОЙ ЛАВОЙ и бамбуковым углем 50 шт/упак";"Etude Organix";"Готов к продаже";"Показывается";;"Показывается";;"2021-09-21 10:33:02";"Салфетки матирующие";"'0.45";"'0.1";"0";"0";"0";"0";"200.00";;;"167.00";"https://utkonos.ru/item/3375890";"0%"
"6970885981807";"125666981";"325277876";"325277877";;"Etude Organix  матирующие салфетки для ЛИЦА с ЗЕЛЕНЫМ ЧАЕМ и экстрактом вулканического пепла 50шт/упак";"Etude Organix";"Готов к продаже";"Показывается";;"Показывается";;"2021-09-21 10:33:36";"Салфетки матирующие";"'0.45";"'0.1";"0";"0";"0";"0";"195.00";;;"133.00";"https://wildberries.ru/catalog/6028040/detail.aspx";"0%"
"4810151017002";"125667352";"325278293";"325278301";;" Amore Основа-праймер под макияж, 30 мл";"Белита";"Не продается";"Скрыт";"Не подтверждены права на реализацию бренда";"Скрыт";"Не подтверждены права на реализацию бренда";"2021-09-21 10:34:08";"Основа под макияж";"'0.12";"'0.1";"0";"0";"0";"0";"350.00";;;"265.00";"https://wildberries.ru/catalog/25752975/detail.aspx";"0%"
"4810151013264";"125667648";"325278753";"325278777";;"Крем-корректор тональный Белита, для проблемной кожи, №001, 20 мл";"Белита";"Не продается";"Скрыт";"Не подтверждены права на реализацию бренда";"Скрыт";"Не подтверждены права на реализацию бренда";"2021-09-21 10:34:45";"Тональное средство";"'0.07";"'0.1";"0";"0";"0";"0";"200.00";;;"121.00";"https://eapteka.ru/goods/id258925/";"0%"
"4810151018931";"125667796";"325279184";"325279185";;"Белита Cosmetics Тушь для ресниц ""LUXURY"" Королевский объем, BIELITA BITЭКС, 12мл.";"Белита";"Не продается";"Скрыт";"Не подтверждены права на реализацию бренда";"Скрыт";"Не подтверждены права на реализацию бренда";"2021-09-21 10:35:17";"Тушь для ресниц";"'1.36";"'0.3";"0";"0";"0";"0";"485.00";;;;;"0%"
"4810153007056";"125668333";"325280428";"325280452";;"Средство для удаления кутикулы Bitэкс, с маслом пихты и чайного дерева, 20 мл";;"Не продается";"Показывается";;"Показывается";;"2021-09-21 10:36:49";"Средство для улучшения ногтей и кутикулы";"'0.08";"'0.0";"0";"0";"0";"0";"250.00";;;;;"0%"
"4810156046663";"125668456";"325280730";"325280771";;"Belor Design Набор для скульптурирования лица SCULPTING TRIO(скульптор,хайлайтер,румяна)№1";"Belor Design";"Готов к продаже";"Показывается";;"Показывается";;"2021-09-21 10:37:17";"Румяна";"'0.17";"'0.1";"0";"0";"0";"0";"680.00";;;;;"0%"
"4811329022613";"125668708";"325281016";"325281042";;"LUXVISAGE Гель для бровей фиксатор ""LUXVISAGE Brow fixing""";"LUXVISAGE";"Не продается";"Скрыт";"Отсутствие документов на бренд";"Скрыт";"Отсутствие документов на бренд";"2021-09-21 10:37:45";"Карандаш для бровей";"'0.03";"'0.0";"0";"0";"0";"0";"250.00";;;"300.00";"https://lamoda.ru/p/lu026lwhjol4";"0%"
"4811329030946";"125668838";"325281485";"325282157";;"LUXVISAGE Подводка для глаз Matt INK waterproof водостойкая матовая, тон Черная";"LUXVISAGE";"Не продается";"Скрыт";"Отсутствие документов на бренд";"Скрыт";"Отсутствие документов на бренд";"2021-09-21 10:38:19";"Подводка для глаз";"'0.02";"'0.0";"0";"0";"0";"0";"300.00";;;"141.00";"https://sbermegamarket.ru/catalog/details/podvodka-dlya-glaz-luxvisage-matt-ink-waterproof-chernaya-600000759620";"0%"
"KR-00008562";"134961202";"341212279";"341212304";;"Набор косметики для ухода за кожей Vinogradoff Натуральный фитодепилятор для лица и самых нежных участков кожи с ANTI-AGE эффектом, 15 мл";"Vinogradoff";"Продается";"Показывается";;"Показывается";;"2021-10-05 18:29:03";"Набор косметики для ухода за телом женский";"'1.00";"'0.2";"0";"0";"5";"0";"106.00";;;;;"0%"
"PLL00001342";"135262993";"341671841";"341671873";;"LUXVISAGE, Румяна Silk Dream, тон 2";"LUXVISAGE";"Не продается";"Скрыт";"Отсутствие документов на бренд";"Скрыт";"Отсутствие документов на бренд";"2021-10-06 06:16:10";"Румяна";"'1.34";"'0.3";"0";"0";"11";"0";"421.00";;;;;"0%"
"KR-00007001";"135294508";"341704085";"341704108";;"Fito Косметик Гель-energizer для умывания ""C+Citrus"" для сияния кожи с омолаживающим комплексом AntiagEnz";"Fito Косметик";"Продается";"Показывается";;"Показывается";;"2021-10-06 06:41:18";"Средство для умывания";"'0.47";"'0.3";"0";"0";"5";"0";"304.00";;;"155.00";"https://market.yandex.ru/product--/1424039112/?sku=101429582529";"0%"
"PT-00005603";"135301122";"341713300";"341713335";;"Elpaza Rubber Top / Топовое покрытие для гель-лака без липкого слоя 10 ml";"Elpaza";"Продается";"Показывается";;"Показывается";;"2021-10-06 06:45:18";"Защитный лак, верхнее покрытие";"'0.19";"'0.1";"0";"0";"37";"0";"195.00";;;"170.00";"https://wildberries.ru/catalog/26071471/detail.aspx";"0%"
"KR-00001223";"135303460";"341718188";"341718218";;"МУМИЁ Крем для тела против целлюлита и растяжек 150г";"Белита Cosmetics";"Не продается";"Скрыт";"Отсутствие документов на бренд
Название бренда искажено, внесите исправления";"Скрыт";"Отсутствие документов на бренд
Название бренда искажено, внесите исправления";"2021-10-06 06:46:57";"Крем, гель детский";"'0.50";"'0.2";"0";"0";"8";"0";"273.00";;;"185.00";"https://wildberries.ru/catalog/8250393/detail.aspx";"0%"
"KR-00005843";"135306483";"341721301";"341721337";;"LUXURY 3D Объем Губная помада тон 402 (трепетный бежевый)";"Витэкс";"Продается";"Показывается";;"Показывается";;"2021-10-06 06:48:00";"Помада для губ";"'0.04";"'0.1";"0";"0";"6";"0";"331.00";;;"260.00";"https://sbermegamarket.ru/catalog/details/gubnaya-pomada-luxury-3d-obem-ton-402-trepetnyy-bezhevyy-100026055323";"0%"
"PLL00001276";"135315062";"341730331";"341730335";;" СИБИРСКАЯ РАПНАЯ, СОЛЬ ДЛЯ ВАНН ""ХВОЙНАЯ""";"Fito Косметик";"Продается";"Показывается";;"Показывается";;"2021-10-06 06:52:28";"Соль для ванны";"'1.31";"'0.5";"0";"0";"14";"0";"154.00";;;"72.00";"https://market.yandex.ru/product--/653339352/?sku=653339352";"0%"
"PT-00002616";"135315939";"341732373";"341732375";;"Lux Visage Пудра-фиксатор Expert Matt, бесцветная";"LUXVISAGE";"Не продается";"Скрыт";"Отсутствие документов на бренд";"Скрыт";"Отсутствие документов на бренд";"2021-10-06 06:53:50";"Пудра";"'0.20";"'0.0";"0";"0";"13";"0";"501.00";;;"242.00";"https://wildberries.ru/catalog/10970931/detail.aspx";"0%"
"AUT00000481";"138939661";"347992002";"347992020";;"Витэкс Бальзам-шелк для улучшения эластичности волос, 450 мл";"Витэкс";"Продается";"Показывается";;"Показывается";;"2021-10-12 05:17:29";"Бальзам, кондиционер для волос женский";"'0.81";"'0.5";"0";"0";"4";"0";"238.00";;;"141.00";"https://sbermegamarket.ru/catalog/details/balzam-dlya-volos-viteks-dlya-uluchsheniya-elastichnosti-volos-450-ml-100023451632";"0%"
"PLL00001036";"138940249";"347992549";"347992572";;"Severina Обезжириватель для ногтей/ жидкость для снятия липкого слоя CLEANER, 100 мл";"Severina";"Продается";"Показывается";;"Показывается";;"2021-10-12 05:20:53";"Средство для снятия лака";"'0.20";"'0.1";"0";"0";"26";"0";"180.00";;;"126.00";"https://wildberries.ru/catalog/18427076/detail.aspx";"0%"
"GLB00001304";"138940367";"347992736";"347992772";;"Соль для ванн Бишофитная для снижения веса Фито Косметик";"Нет бренда";"Готов к продаже";"Показывается";;"Показывается";;"2021-10-12 05:22:31";"Соль для ванны";"'2.00";"'0.5";"0";"0";"0";"0";"154.00";;;;;"0%"
"KR-00005889";"138940732";"347993366";"347993407";;"Белита Безупречное очищение Пилинг-скатка для лица ""Минеральное очищение и матирование"" 75 мл";"Белита";"Не продается";"Скрыт";"Не подтверждены права на реализацию бренда";"Скрыт";"Не подтверждены права на реализацию бренда";"2021-10-12 05:25:45";"Сыворотки и дополнительный уход для лица";"'0.50";"'0.2";"0";"0";"12";"0";"291.00";;;;;"0%"
"KR-00007003";"138940888";"347993712";"347993722";;"Fito Косметик Тоник-energizer для сияния кожи ""C+Citrus"" с омолаживающим комплексом AntiagEnz";"Fito Косметик";"Готов к продаже";"Показывается";;"Показывается";;"2021-10-12 05:27:07";"Лосьон, тоник для лица";"'0.44";"'0.3";"0";"0";"0";"0";"245.00";;;;;"0%"
"PLL00000784";"138941280";"347994558";"347994564";;"Витэкс Keratin&Термальная Вода Бальзам-маска для всех типов волос ""Двухуровневое восстановление"", 300 мл";"Витэкс";"Продается";"Показывается";;"Показывается";;"2021-10-12 05:31:29";"Маска для волос женская";"'0.97";"'0.4";"0";"0";"11";"0";"272.00";;;"190.00";"https://wildberries.ru/catalog/9039914/detail.aspx";"0%"
"KR-00008874";"138941627";"0";"0";;"Витэкс Сыворотка для лица и шеи Cashmere омолаживающая 45+ 30мл";"Витэкс";"Не продается";"Скрыт";;"Скрыт";;"2021-10-12 05:32:58";"Сыворотки и дополнительный уход для лица";"'0.00";"'0.0";"0";"0";"0";"0";"150.00";;;;;"0%"
"KR-00009425";"138941938";"347995314";"347995315";;"BEAUTY-Маска для лица Витэкс ""Витаминная"" с экстрактом киви, саше 2х7 мл";;"Продается";"Показывается";;"Показывается";;"2021-10-12 05:34:15";"Маска для лица косметическая";"'1.01";"'0.2";"0";"0";"4";"0";"62.00";;;"169.00";"https://market.yandex.ru/product--/657154028/?sku=100898058700";"0%"
"PL-00006365";"138941982";"347995494";"347995496";;"ГЕЛЬ ДЛЯ ФИКСАЦИИ БРОВЕЙ LUXVISAGE BROW FIXING БЕСЦВЕТНЫЙ";;"Продается";"Показывается";;"Показывается";;"2021-10-12 05:34:59";"Средство для ухода за ресницами и бровями";"'0.17";"'0.0";"0";"0";"11";"0";"257.00";;;;;"0%"
"KR-00010802";"138942002";"347995622";"347995628";;"Гейзер для ванны Cafe mimi ""Чернично-малиновый пончик"", 140г";"Cafe Mimi";"Продается";"Показывается";;"Показывается";;"2021-10-12 05:35:39";"Пена для ванны";"'0.38";"'0.1";"0";"0";"5";"0";"175.00";;;;;"0%"
"AUT00000685";"138942564";"347996383";"347996388";;"Relouis Тушь для ресниц Тройной эффект,";"Relouis";"Продается";"Показывается";;"Показывается";;"2021-10-12 05:39:01";"Тушь для ресниц";"'0.01";"'0.0";"0";"0";"16";"0";"425.00";;;"231.00";"https://wildberries.ru/catalog/10822423/detail.aspx";"0%"
"KR-00001194";"138942619";"347996671";"347996695";;"Белита Гель для бритья непенящийся для всех типов кожи ""Деликатный уход"", 100 мл";"Белита";"Не продается";"Скрыт";"Не подтверждены права на реализацию бренда";"Скрыт";"Не подтверждены права на реализацию бренда";"2021-10-12 05:40:09";"Средство для бритья женское";"'0.48";"'0.1";"0";"0";"6";"0";"230.00";;;"178.00";"https://wildberries.ru/catalog/17108966/detail.aspx";"0%"
"KR-00003404";"138943351";"347997076";"347997086";;"Терка педикюрная Camillen 60";;"Готов к продаже";"Показывается";;"Показывается";;"2021-10-12 05:41:45";"Терка, скребок для ног";"'0.23";"'0.1";"0";"0";"0";"0";"300.00";;;;;"0%"
"KR-00006743";"138943782";"347997812";"347997824";;"LUXVISAGE Жидкие тени для век Metal hype тон 1 искристое шампанское";"LUXVISAGE";"Не продается";"Скрыт";"Отсутствие документов на бренд";"Скрыт";"Отсутствие документов на бренд";"2021-10-12 05:43:11";"Тени для век";"'0.11";"'0.0";"0";"0";"8";"0";"341.00";;;;;"0%"
"PT-00008800";"139912194";"349180058";"349180059";;"Dr. Kirov Cosmetic Company, Крем-гель ""Тонус-Капилляр Лица"" от купероза и розацеа, 60 мл";"Dr. Kirov Cosmetic Company";"Готов к продаже";"Показывается";;"Показывается";;"2021-10-13 05:42:43";"Средство увлажняющее для лица";"'0.27";"'0.1";"0";"0";"0";"0";"1005.00";;;;;"0%"
"PL-00006064";"139912534";"349180773";"349180802";;"Бальзам для ухода за кожей Dr.Kirov Cosmetic Суставной профессор доктора Кирова, 100 мл";"Dr. Kirov Cosmetic Company";"Продается";"Показывается";;"Показывается";;"2021-10-13 05:44:45";"Средство увлажняющее для тела";"'0.31";"'0.1";"0";"0";"7";"0";"540.00";;;;;"0%"
"PL-00006065";"139912705";"349181198";"349181204";;"Dr. Kirov Cosmetic Company, Крем-гель ""Многофакторный Восстановитель Кожи рук и тела"" (МВК для рук и тела), для шеи и декольте, от морщин,  для увлажнения, лифтинга,  питания, восстановления, натуральный anti-age, без консервантов, 60 мл";"Dr. Kirov Cosmetic Company";"Продается";"Показывается";;"Показывается";;"2021-10-13 05:46:41";"Средство увлажняющее для тела";"'0.27";"'0.1";"0";"0";"6";"0";"660.00";;;;;"0%"
"PT-00008804";"139912913";"349181865";"349181864";;"Dr.Kirov Cosmetic Крем-гель ""Следоцид"", 15 мл";"Dr. Kirov Cosmetic Company";"Готов к продаже";"Показывается";;"Показывается";;"2021-10-13 05:49:47";"Средство увлажняющее для лица";"'0.18";"'0.0";"0";"0";"0";"0";"255.00";;;"136.00";"https://sbermegamarket.ru/catalog/details/krem-gel-sledocid-15-g-100027171169";"0%"
"PL-00006067";"139914110";"349182341";"349182340";;"Dr.Kirov Cosmetic Крем-гель ""Следоцид - цинковая маска"", антикомедогенная ( от прыщей и черных точек ), 10 мл";"Dr. Kirov Cosmetic Company";"Готов к продаже";"Показывается";;"Показывается";;"2021-10-13 05:51:57";"Средство увлажняющее для лица";"'0.23";"'0.1";"0";"0";"0";"0";"261.00";;;;;"0%"
"PL-00006068";"139915092";"349184690";"349184691";;"Dr.Kirov Cosmetic Лосьон ""Следоцид-серебро"", 50 мл";"Dr. Kirov Cosmetic Company";"Продается";"Показывается";;"Показывается";;"2021-10-13 05:53:56";"Лосьон, тоник для лица";"'0.10";"'0.1";"0";"0";"5";"0";"426.00";;;;;"0%"
"PL-00006069";"139916588";"349187666";"349187679";;"Dr.Kirov Cosmetic Крем ""Многофакторный восстановитель кожи"", 60 мл";"Dr. Kirov Cosmetic Company";"Продается";"Показывается";;"Показывается";;"2021-10-13 05:56:52";"Средство увлажняющее для лица";"'0.70";"'0.1";"0";"0";"4";"0";"1026.00";;;"456.00";"https://apteka.ru/product/5e326c1365b5ab0001653194";"0%"
"PL-00006070";"139916911";"349188037";"349188057";;"Dr. Kirov, Крем-гель для век Многофакторный регенератор, 15 мл";"Dr. Kirov Cosmetic Company";"Продается";"Показывается";;"Показывается";;"2021-10-13 05:58:50";"Средство увлажняющее для глаз";"'2.16";"'0.4";"0";"0";"6";"0";"690.00";;;;;"0%"
"PT-00008755";"139917371";"349188731";"349188759";;"Dr. Kirov Cosmetic Company, Гель гиалуроновый ""Система Гиалуроновых Кислот 2200 кДа - 0.8 кДа с витаминами Е, С, РР, В5 и В6"", от морщин, от сухости,  для увлажнения, лифтинга, питания, восстановления, натуральный anti-age, без консервантов, 30 мл";"Dr. Kirov Cosmetic Company";"Продается";"Показывается";;"Показывается";;"2021-10-13 06:01:25";"Средство увлажняющее для лица";"'0.32";"'0.1";"0";"0";"5";"0";"1800.00";;;;;"0%"
"PT-00008756";"139917807";"349189830";"349189850";;"Dr. Kirov Cosmetic Company, Гиалуроновый гель ""Система Гиалуроновых Кислот 2200 кДа - 0,8 кДа с пептидом Juveleven"" натуральный anti-age от морщин, для увлажнения, лифтинга, омоложения, восстановления, 30 мл";"Dr. Kirov Cosmetic Company";"Продается";"Показывается";;"Показывается";;"2021-10-13 06:03:00";"Средство увлажняющее для лица";"'0.32";"'0.1";"0";"0";"6";"0";"1800.00";;;"785.00";"https://apteka.ru/product/5e3275a7f5a9ae000140e7d5";"0%"
"PL-00006072";"139918141";"349192457";"349192469";;"Dr. Kirov Cosmetic Company, Гель гиалуроновый ""Система Гиалуроновых Кислот 2200 кДа-0.8 кДа"", 15 мл";"Dr. Kirov Cosmetic Company";"Продается";"Показывается";;"Показывается";;"2021-10-13 06:04:33";"Средство увлажняющее для лица";"'0.27";"'0.1";"0";"0";"7";"0";"795.00";;;;;"0%"
"PT-00008802";"139918363";"349194935";"349194975";;"Dr. Kirov Cosmetic Company, Маска-крем ""Система Гиалуроновых Кислот и Витаминов"", от морщин,  для питания, восстановления, увлажнения, лифтинга, натуральный anti-age, без консервантов, 60 мл";"Dr. Kirov Cosmetic Company";"Продается";"Показывается";;"Показывается";;"2021-10-13 06:06:59";"Маска для лица косметическая";"'0.62";"'0.1";"0";"0";"6";"0";"1170.00";;;;;"0%"
"PL-00006073";"139919135";"349196835";"349196836";;"Dr. Kirov, Гель для умывания Следоцид-сахарное очищение, 60 мл";"Dr. Kirov Cosmetic Company";"Продается";"Показывается";;"Показывается";;"2021-10-13 06:08:39";"Средство для умывания";"'12.00";"'2.4";"0";"0";"4";"0";"660.00";;;;;"0%"
"PL-00006071";"139920325";"349199162";"349199170";;"Dr.Kirov Cosmetic Крем-гель ""Следоцид тональный антикомедогенный ВВ"", 15 мл";"Dr. Kirov Cosmetic Company";"Готов к продаже";"Показывается";;"Показывается";;"2021-10-13 06:10:06";"Средство увлажняющее для лица";"'0.24";"'0.1";"0";"0";"0";"0";"417.00";;;;;"0%"
"123123123";"141510470";"352217015";"352217014";;"LUXVISAGE Тушь для ресниц XXL Суперобъем-Эффект накладных ресниц";"LUXVISAGE";"Не продается";"Скрыт";"Отсутствие документов на бренд";"Скрыт";"Отсутствие документов на бренд";"2021-10-15 05:13:17";"Тушь для ресниц";"'0.24";"'0.1";"0";"0";"0";"0";"350.00";;;"258.00";"https://wildberries.ru/catalog/11131421/detail.aspx";"0%"
"GLB00002210";"141511273";"352226023";"352226024";;"Белита  Мезопилинг-скатка для лица ""Глубокое очищение"" ";;"Не продается";"Скрыт";"Отсутствие документов на бренд
Название бренда искажено, внесите исправления";"Скрыт";"Отсутствие документов на бренд
Название бренда искажено, внесите исправления";"2021-10-15 05:26:25";"Пилинг для лица";"'0.00";"'0.1";"0";"0";"19";"0";"437.00";;;;;"0%"
"PLL00000578";"141511509";"352226990";"352226991";;"Белита Основа - праймер под макияж Amore";"Белита";"Не продается";"Скрыт";"Не подтверждены права на реализацию бренда";"Скрыт";"Не подтверждены права на реализацию бренда";"2021-10-15 05:28:12";"Основа под макияж";"'0.25";"'0.1";"0";"0";"20";"0";"417.00";;;"230.00";"https://wildberries.ru/catalog/50885782/detail.aspx";"0%"
"KR-000094251";"143666797";"356066646";"356066645";;"КОСМЕТОЛОГиЯ САШЕ ВИТАМИННАЯ BEAUTY-МАСКА для лица с экстрактом киви, 2*7мл (3шт)";"Витэкс";"Готов к продаже";"Показывается";;"Показывается";;"2021-10-19 06:56:09";"Маска для лица косметическая";"'1.01";"'0.2";"0";"0";"0";"0";"200.00";;;;;"0%"
"PL-00008993";"145667015";"359284934";"359284935";;"Liga Lux Pink Molecoola 9Z6 туалетная вода женская 17мл";"Neo Parfum";"Готов к продаже";"Показывается";;"Показывается";;"2021-10-21 19:12:23";"Туалетная вода женская";"'0.11";"'0.0";"0";"0";"0";"0";"243.00";;;;;"0%"
"PL-00008985";"145675611";"359304912";"359304911";;"Liga Lux Angel & Devil Secret Parfum туалетная вода женcкая 17мл";"Neo Parfum";"Продается";"Показывается";;"Показывается";;"2021-10-21 19:28:18";"Туалетная вода женская";"'0.11";"'0.0";"0";"0";"26";"0";"243.00";;;;;"0%"
"PL-00008986";"145690842";"359336788";"359336789";;"Liga Lux Carlos Barrera VIP";"Neo Parfum";"Продается";"Показывается";;"Показывается";;"2021-10-21 20:12:51";"Туалетная вода женская";"'0.11";"'0.0";"0";"0";"22";"0";"243.00";;;;;"0%"
"PL-00008989";"145692952";"359344401";"359344402";;"Liga Lux La Corrida";"Neo Parfum";"Продается";"Показывается";;"Показывается";;"2021-10-21 20:29:25";"Туалетная вода женская";"'0.11";"'0.0";"0";"0";"30";"0";"243.00";;;;;"0%"
"PL-00008994";"145696022";"359349092";"359349093";;"Liga Lux S.Cadus Sexy";"Neo Parfum";"Продается";"Показывается";;"Показывается";;"2021-10-21 20:46:40";"Туалетная вода женская";"'0.11";"'0.0";"0";"0";"17";"0";"243.00";;;;;"0%"
"PT-00009183";"145697278";"359354385";"359354384";;"Liga Lux Clair de Lune";"Neo Parfum";"Продается";"Показывается";;"Показывается";;"2021-10-21 20:52:22";"Туалетная вода женская";"'0.11";"'0.1";"0";"0";"16";"0";"421.00";;;;;"0%"
"PT-00009184";"145698134";"359353838";"359353839";;"Liga Lux Eclair d'France";"Neo Parfum";"Продается";"Показывается";;"Показывается";;"2021-10-21 20:56:24";"Туалетная вода женская";"'0.11";"'0.1";"0";"0";"14";"0";"421.00";;;;;"0%"
"PT-00009185";"145698586";"359355357";"359355358";;"""Liga Lux"" Imperatrice женская 36 мл";"Neo Parfum";"Продается";"Показывается";;"Показывается";;"2021-10-21 21:00:41";"Туалетная вода женская";"'0.11";"'0.1";"0";"0";"8";"0";"421.00";;;;;"0%"
"PT-00009186";"145699337";"359357456";"359357457";;"Liga Lux La Corrida женские 36 мл";"Neo Parfum";"Готов к продаже";"Показывается";;"Показывается";;"2021-10-21 21:05:16";"Туалетная вода женская";"'0.11";"'0.1";"0";"0";"0";"0";"421.00";;;;;"0%"
"PT-00009187";"145875220";"359603265";"359603264";;"Nisha Lux Baccara Crystal";"Kaif Parfum";"Продается";"Показывается";;"Показывается";;"2021-10-22 05:26:39";"Туалетная вода женская";"'0.11";"'0.0";"0";"0";"13";"0";"515.00";;;;;"0%"
"PT-00009188";"145875518";"359603967";"359603966";;"Nisha Lux Bal by Red женские 17мл";"Kaif Parfum";"Продается";"Показывается";;"Показывается";;"2021-10-22 05:29:18";"Туалетная вода женская";"'0.11";"'0.0";"0";"0";"12";"0";"515.00";;;;;"0%"
"PT-00009189";"145876010";"359605682";"359605683";;"Nisha Lux Caffeine женские 17мл";"Kaif Parfum";"Продается";"Показывается";;"Показывается";;"2021-10-22 05:34:41";"Туалетная вода женская";"'0.11";"'0.1";"0";"0";"27";"0";"515.00";;;;;"0%"
"PT-00009190";"145876898";"359609314";"359609315";;"Nisha Lux Kir Royal женские 17мл";"Kaif Parfum";"Продается";"Показывается";;"Показывается";;"2021-10-22 05:42:31";"Туалетная вода женская";"'0.11";"'0.0";"0";"0";"8";"0";"515.00";;;;;"0%"
"PT-00009191";"145878929";"359612207";"359612206";;"Nisha Lux N-R-C-O-T-Q женские 17мл";"Kaif Parfum";"Продается";"Показывается";;"Показывается";;"2021-10-22 05:47:09";"Туалетная вода женская";"'0.11";"'0.0";"0";"0";"99";"0";"515.00";;;;;"0%"
"PT-00009192";"145880579";"359614950";"359614951";;"Nisha Lux № 1 17мл";"Kaif Parfum";"Продается";"Показывается";;"Показывается";;"2021-10-22 05:51:03";"Туалетная вода женская";"'0.11";"'0.0";"0";"0";"44";"0";"515.00";;;;;"0%"
"PL-00009493";"156198597";"382112985";"382112986";;"BOGART m EDT 90 ml";"Jacques Bogart";"Продается";"Показывается";;"Показывается";;"2021-11-07 08:13:13";"Туалетная вода мужская";"'0.43";"'0.3";"0";"0";"3";"0";"3593.00";;;;;"0%"
"PL-00006617";"156199134";"377345937";"377345936";;"Bogart One Man Show Туалетная вода мужская с кремом 100 мл ";"BOGART";"Продается";"Показывается";;"Показывается";;"2021-11-07 08:22:06";"Туалетная вода мужская";"'0.73";"'0.3";"0";"0";"6";"0";"3085.00";;;;;"0%"
"PL-00006762";"159181643";"382746057";"382746058";;"E. ARDEN 5-TH AVENUE  w EDP 30 ml";"Arden";"Продается";"Показывается";;"Показывается";;"2021-11-11 07:58:47";"Парфюмерная вода женская";"'0.15";"'0.2";"0";"0";"4";"0";"3657.00";;;;;"0%"
"PL-00008819";"159189218";"382760954";"382760953";;"E. ARDEN 5-TH AVENUE w EDP 75 ml";"Arden";"Продается";"Показывается";;"Показывается";;"2021-11-11 08:05:58";"Парфюмерная вода женская";"'0.15";"'0.2";"0";"0";"5";"0";"4929.00";;;;;"0%"
"PL-00006763";"159654255";"383652693";"383652694";;"Elizabeth Arden Green Tea w EDP 50ml";"Arden";"Продается";"Показывается";;"Показывается";;"2021-11-11 20:25:16";"Парфюмерная вода женская";"'0.15";"'0.2";"0";"0";"3";"0";"2830.00";;;;;"0%"
"PL-00007616";"159659713";"383662861";"383662860";;"Elizabeth Arden Green Tea w EDT 100 ml";"Arden";"Продается";"Показывается";;"Показывается";;"2021-11-11 20:37:47";"Туалетная вода женская";"'0.18";"'0.3";"0";"0";"5";"0";"4070.00";;;;;"0%"
"PL-00006747";"159661704";"383671960";"383671959";;"Franck Olivier w EDP 25 ml";"Franck Olivier";"Не продается";"Скрыт";"Отсутствие документов на бренд";"Скрыт";"Отсутствие документов на бренд";"2021-11-11 20:48:57";"Парфюмерная вода женская";"'0.12";"'0.1";"0";"0";"7";"0";"2194.00";;;;;"0%"
"PL-00009500";"159662177";"383669193";"383669194";;"MOSCHINO Туалетная вода I Love Love";"Moschino";"Не продается";"Скрыт";"Отсутствие документов на бренд";"Скрыт";"Отсутствие документов на бренд";"2021-11-11 20:51:44";"Туалетная вода женская";"'1.00";"'0.2";"0";"0";"2";"0";"6996.00";;;"5535.00";"https://lamoda.ru/p/mo351dwbz572";"0%"
"PL-00006752";"159663838";"383672667";"383672668";;"Sergio Tacchini Donna w EDT 30 ml";"Sergio Tacchini Parfume";"Не продается";"Скрыт";"Отсутствие документов на бренд";"Скрыт";"Отсутствие документов на бренд";"2021-11-11 21:01:07";"Туалетная вода женская";"'0.12";"'0.1";"0";"0";"0";"0";"2480.00";;;;;"0%"
"PT-00009193";"164987555";"392998901";"392998902";;"Дезодорант Like ECLAIR женский 25мл";"Neo Parfum";"Продается";"Показывается";;"Показывается";;"2021-11-18 20:18:41";"Дезодорант";"'0.12";"'0.1";"0";"0";"35";"0";"288.00";;;;;"0%"
"PT-00009194";"164989714";"393002840";"393002841";;"Дезодорант Like ECLAT Homme мужской 25мл ";"Neo Parfum";"Продается";"Показывается";;"Показывается";;"2021-11-18 20:23:07";"Дезодорант";"'0.12";"'0.1";"0";"0";"37";"0";"288.00";;;;;"0%"
"PT-00009195";"164990984";"393006073";"393006074";;"Дезодорант Like IMPERATRICE №1 женский 25мл";"Neo Parfum";"Продается";"Показывается";;"Показывается";;"2021-11-18 20:29:20";"Дезодорант";"'0.12";"'0.1";"0";"0";"100";"0";"288.00";;;;;"0%"
"PT-00009196";"164991467";"393021075";"393021076";;"Дезодорант Like Motecule X100 женский 25мл ";"Neo Parfum";"Продается";"Показывается";;"Показывается";;"2021-11-18 20:36:35";"Дезодорант";"'0.12";"'0.1";"0";"0";"35";"0";"288.00";;;;;"0%"
"PT-00009197";"164993289";"393013883";"393013884";;"Дезодорант LikeParfum SEXY женский 25мл";"Neo Parfum";"Продается";"Показывается";;"Показывается";;"2021-11-18 20:41:25";"Дезодорант";"'0.12";"'0.1";"0";"0";"38";"0";"288.00";;;;;"0%"
"PT-00009330";"192293611";"437459600";"437459601";;"Liga Lux Ручка-ролл 2х2 17мл мужская";"Neo Parfum";"Продается";"Показывается";;"Показывается";;"2021-12-21 06:05:47";"Туалетная вода мужская";"'0.11";"'0.0";"0";"0";"20";"0";"246.00";;;;;"0%"
"PT-00009331";"192304717";"437715799";"437715804";;"Liga Lux Asti in Red";"Neo Parfum";"Продается";"Показывается";;"Показывается";;"2021-12-21 06:11:09";"Туалетная вода женская";"'0.11";"'0.0";"0";"0";"29";"0";"246.00";;;;;"0%"
"PT-00009332";"192317403";"437490708";"437490703";;"LigaLux Dolce";"Neo Parfum";"Продается";"Показывается";;"Показывается";;"2021-12-21 06:17:09";"Туалетная вода женская";"'0.11";"'0.0";"0";"0";"26";"0";"246.00";;;;;"0%"
"PT-00009333";"192325347";"437507524";"437507525";;"LigaLux Imperatrice №1";"Neo Parfum";"Продается";"Показывается";;"Показывается";;"2021-12-21 06:21:53";"Туалетная вода женская";"'0.11";"'0.0";"0";"0";"64";"0";"450.00";;;;;"0%"
"PT-00009334";"192344764";"437536077";"437536076";;"LigaLux Nina Classica";"Neo Parfum";"Продается";"Показывается";;"Показывается";;"2021-12-21 06:31:06";"Туалетная вода женская";"'0.11";"'0.0";"0";"0";"28";"0";"246.00";;;;;"0%"
"PT-00009335";"192349852";"437541586";"437541587";;"LigaLux Sent Bussi";"Neo Parfum";"Продается";"Показывается";;"Показывается";;"2021-12-21 06:36:34";"Туалетная вода женская";"'0.11";"'0.0";"0";"0";"29";"0";"246.00";;;;;"0%"
"PT-00009336";"192353172";"437546287";"437546288";;"LigaLux Sherry Air";"Neo Parfum";"Продается";"Показывается";;"Показывается";;"2021-12-21 06:40:19";"Туалетная вода женская";"'0.11";"'0.0";"0";"0";"37";"0";"246.00";;;;;"0%"
"PT-00009337";"192356368";"437570734";"437570735";;"LigaLux Vernice Eros";"Neo Parfum";"Продается";"Показывается";;"Показывается";;"2021-12-21 06:44:03";"Туалетная вода женская";"'0.11";"'0.0";"0";"0";"23";"0";"246.00";;;;;"0%"
"KR-00005171";"208429383";"464445048";"464445049";;"Набор косметики для ухода за кожей Chester Бурлящий шар для ванны, Личи и Нони, 120 г";"Chester";"Продается";"Показывается";;"Показывается";;"2022-01-11 15:14:53";"Набор косметики для ухода за телом женский";"'1.00";"'0.2";"0";"0";"2";"0";"152.00";;;;;"0%"
"AUT00001915";"208486807";"464534440";"464534441";;"LUXVISAGE Тушь для ресниц XXL Суперобъем-Эффект накладных ресниц";"LUXVISAGE";"Продается";"Показывается";;"Показывается";;"2022-01-11 17:15:14";"Тушь для ресниц";"'0.01";"'0.0";"0";"0";"55";"0";"462.00";;;"231.00";"https://wildberries.ru/catalog/11131419/detail.aspx";"0%"
"AUT00001915N3";"208489132";"464541154";"464541153";"OZN464541154";"LUXVISAGE Тушь для ресниц XXL Суперобъем, Разделение, Длина, набор 3 шт";"Нет бренда";"Готов к продаже";"Показывается";;"Показывается";;"2022-01-11 17:33:08";"Тушь для ресниц";"'0.10";"'0.0";"0";"0";"0";"0";"699.00";"750.00";"650.00";;;"0%"
"KR-00005890N2";"208490412";"464542562";"464542561";;"Белита Косметический набор для лица Пудра Энзимная для умывания 53г + ВВ-крем Selfie для лица 30мл WHITE DETOX";"Белита";"Не продается";"Скрыт";"Не подтверждены права на реализацию бренда";"Скрыт";"Не подтверждены права на реализацию бренда";"2022-01-11 17:46:50";"Набор косметики для ухода за лицом женский";"'0.60";"'0.1";"0";"0";"0";"0";"599.00";;;"454.00";"https://wildberries.ru/catalog/15933002/detail.aspx";"0%"
"PT-00005733";"208493223";"464547106";"464547107";;"Кафе Красоты, Бурлящий шар для ванн Тропические фрукты, 120 г";"Кафе Красоты";"Готов к продаже";"Показывается";;"Показывается";;"2022-01-11 18:01:55";"Соль для ванны";"'4.28";"'0.9";"0";"0";"0";"0";"231.00";;;;;"0%"
"KR-00003795";"208494600";"464549852";"464549851";;"Кафе Красоты, Бурлящий шар для ванн Пряничный домик,120 г";"Кафе Красоты";"Продается";"Показывается";;"Показывается";;"2022-01-11 18:14:39";"Соль для ванны";"'4.28";"'0.9";"0";"0";"7";"0";"231.00";;;;;"0%"
"PT-00008726";"208704348";"464816644";"464816643";;"Одеколон Dilis Ice action 100мл";"Dilis";"Продается";"Показывается";;"Показывается";;"2022-01-12 06:00:42";"Одеколон женский";"'0.68";"'0.3";"0";"0";"2";"0";"644.00";;;;;"0%"
"PL-00008820";"208733063";"464851624";"464851623";;"Trussardi Donna  Eau De Parfum  Женский 100мл";;"Продается";"Показывается";;"Показывается";;"2022-01-12 06:41:38";"Парфюмерная вода женская";"'0.60";"'0.5";"0";"0";"1";"0";"9900.00";;;;;"0%"
